種別	照合パターン(正規表現)	変換後
# ループ列・条件列の変換ルール。種別には「ループ」か「条件」を書く。
# 照合する文字は、変数を取得元まで展開した式（例: u.get("TYPE") → master.find("T_USER")[].get("TYPE")）。
#   ループ: for each u in master.find("T_USER") / for (var i = 0; i < 10; i++) / while (条件) など
#   条件  : if の条件式。else 側は変換後の文字が NOT(…) で囲まれる
# 一致した部分を置き換える（式全体を置き換えたいときは ^ と $ を付ける）。$1, $2 で ( ) の中身を使える。
# 上の行から順に適用し、前のルールの結果に次のルールを当てる。dict.tsv に載っている条件式は dict.tsv が優先される。
# 記入例（先頭の # を外すと有効になる）
#ループ	^for each \w+ in master\.find\("([^"]+)"\)$	$1
#条件	master\.find\("[^"]+"\)\[\]\.get\("([^"]+)"\)	@@$1@@
#条件	^@@([^@]+)@@ == "([^"]*)"$	$1 が $2 の場合
